REGION,MATCHUP.KEY,GAME.KEY,TEAM,SEED,PREDICTIONS,WINNER
E,B,E,Duke,5,0.009884325749355275,NA
E,D,B,Marquette,2,0.01009604768777835,TRUE
MW,A,A,Houston,1,0.00980735275814988,NA
MW,D,B,Texas,2,0.009810689852537306,TRUE
S,A,A,Alabama,1,0.011900336915098715,TRUE
S,C,F,Creighton,6,0.010600419242365914,NA
W,B,D,Connecticut,4,0.010691011191352011,TRUE
W,D,B,UCLA,2,0.009705052930208374,NA
